Date,Status
2026-02-24 07:40:26,Success
2026-02-24 07:41:21,Success
2026-02-27 16:48:56,Success
2026-02-27 16:49:12,Success
2026-02-27 16:49:19,Success
2026-02-27 16:49:27,Success
2026-02-27 16:49:33,Success
2026-02-27 16:49:54,Success
2026-02-27 16:50:11,Success
2026-02-27 16:50:17,Success
2026-02-27 16:50:25,Success
2026-02-27 16:50:33,Success
2026-02-27 16:50:51,Success
2026-02-27 16:50:58,Success
2026-03-11 01:25:49,Success
2026-03-12 01:25:35,Success
2026-03-13 01:29:11,Success
2026-03-14 01:27:28,Success
2026-03-15 01:53:18,Success
2026-03-16 01:55:00,Success
2026-03-17 01:43:02,Success
2026-03-18 01:47:21,Success
2026-03-19 01:48:20,Success
2026-03-20 01:42:46,Success
2026-03-21 01:25:48,Success
2026-03-22 01:47:16,Success
2026-03-23 01:48:46,Success
2026-03-24 01:28:50,Success
